<?xml version="1.0" encoding="UTF-8"?><rss version="2.0"
	xmlns:content="http://purl.org/rss/1.0/modules/content/"
	xmlns:wfw="http://wellformedweb.org/CommentAPI/"
	xmlns:dc="http://purl.org/dc/elements/1.1/"
	xmlns:atom="http://www.w3.org/2005/Atom"
	xmlns:sy="http://purl.org/rss/1.0/modules/syndication/"
	xmlns:slash="http://purl.org/rss/1.0/modules/slash/"
	>

<channel>
	<title>admin &#8211; Sourabh Dhyani</title>
	<atom:link href="/author/admin/feed/?simply_static_page=101" rel="self" type="application/rss+xml" />
	<link></link>
	<description></description>
	<lastBuildDate>Sat, 14 Jan 2023 06:50:36 +0000</lastBuildDate>
	<language>en-US</language>
	<sy:updatePeriod>
	hourly	</sy:updatePeriod>
	<sy:updateFrequency>
	1	</sy:updateFrequency>
	<generator>https://wordpress.org/?v=6.1.1</generator>
	<item>
		<title>Hello world!</title>
		<link>/2023/01/14/hello-world/</link>
					<comments>/2023/01/14/hello-world/#comments</comments>
		
		<dc:creator><![CDATA[admin]]></dc:creator>
		<pubDate>Sat, 14 Jan 2023 06:50:36 +0000</pubDate>
				<category><![CDATA[Uncategorized]]></category>
		<guid isPermaLink="false">/?p=1</guid>

					<description><![CDATA[Welcome to WordPress. This is your first post. Edit or delete it, then start writing!]]></description>
										<content:encoded><![CDATA[
<p>Welcome to WordPress. This is your first post. Edit or delete it, then start writing!</p>
]]></content:encoded>
					
					<wfw:commentRss>/2023/01/14/hello-world/feed/</wfw:commentRss>
			<slash:comments>1</slash:comments>
		
		
			</item>
		<item>
		<title>We bring business ideas to life.</title>
		<link>/2018/05/23/we-bring-business-ideas-to-life/</link>
					<comments>/2018/05/23/we-bring-business-ideas-to-life/#respond</comments>
		
		<dc:creator><![CDATA[admin]]></dc:creator>
		<pubDate>Wed, 23 May 2018 11:05:38 +0000</pubDate>
				<category><![CDATA[Uncategorized]]></category>
		<guid isPermaLink="false">http://rarathemesdemo.com/elegant-portfolio/?p=100</guid>

					<description><![CDATA[The horizon or skyline is the apparent line that separates earth from sky, the line that divides all visible directions into two categories: those that intersect the Earth&#8217;s surface, and those that do not. At many locations, the true horizon is obscured by trees, buildings, mountains, etc., and the resulting intersection of earth and sky is called the visible horizon. When looking at &#8230; ]]></description>
										<content:encoded><![CDATA[<p>The horizon or skyline is the apparent line that separates earth from sky, the line that divides all visible directions into two categories: those that intersect the Earth&#8217;s surface, and those that do not. At many locations, the true horizon is obscured by trees, buildings, mountains, etc., and the resulting intersection of earth and sky is called the visible horizon. When looking at a sea from a shore, the part of the sea closest to the horizon is called the offing. The word horizon derives from the Greek &#8220;ὁρίζων κύκλος&#8221; horizōn kyklos, &#8220;separating circle&#8221;,from the verb ὁρίζω horizō, &#8220;to divide&#8221;, &#8220;to separate&#8221;, and that from &#8220;ὅρος&#8221; (oros), &#8220;boundary, landmark&#8221;.</p>
<p>Historically, the distance to the visible horizon has long been vital to survival and successful navigation, especially at sea, because it determined an observer&#8217;s maximum range of vision and thus of communication, with all the obvious consequences for safety and the transmission of information that this range implied. This importance lessened with the development of the radio and the telegraph, but even today, when flying an aircraft under visual flight rules, a technique called attitude flying is used to control the aircraft, where the pilot uses the visual relationship between the aircraft&#8217;s nose and the horizon to control the aircraft. A pilot can also retain his or her spatial orientation by referring to the horizon.</p>
<p>In many contexts, especially perspective drawing, the curvature of the Earth is disregarded and the horizon is considered the theoretical line to which points on any horizontal plane converge (when projected onto the picture plane) as their distance from the observer increases. For observers near sea level the difference between this geometrical horizon (which assumes a perfectly flat, infinite ground plane) and the true horizon (which assumes a spherical Earth surface) is imperceptible to the naked eye dubious – discuss but for someone on a 1000-meter hill looking out to sea the true horizon will be about a degree below a horizontal line.</p>
]]></content:encoded>
					
					<wfw:commentRss>/2018/05/23/we-bring-business-ideas-to-life/feed/</wfw:commentRss>
			<slash:comments>0</slash:comments>
		
		
			</item>
		<item>
		<title>Showcase different portfolios styles</title>
		<link>/2018/05/23/showcase-different-portfolios-styles/</link>
					<comments>/2018/05/23/showcase-different-portfolios-styles/#respond</comments>
		
		<dc:creator><![CDATA[admin]]></dc:creator>
		<pubDate>Wed, 23 May 2018 11:01:17 +0000</pubDate>
				<category><![CDATA[Uncategorized]]></category>
		<guid isPermaLink="false">http://rarathemesdemo.com/elegant-portfolio/?p=96</guid>

					<description><![CDATA[The horizon or skyline is the apparent line that separates earth from sky, the line that divides all visible directions into two categories: those that intersect the Earth&#8217;s surface, and those that do not. At many locations, the true horizon is obscured by trees, buildings, mountains, etc., and the resulting intersection of earth and sky is called the visible horizon. When looking at &#8230; ]]></description>
										<content:encoded><![CDATA[<p>The horizon or skyline is the apparent line that separates earth from sky, the line that divides all visible directions into two categories: those that intersect the Earth&#8217;s surface, and those that do not. At many locations, the true horizon is obscured by trees, buildings, mountains, etc., and the resulting intersection of earth and sky is called the visible horizon. When looking at a sea from a shore, the part of the sea closest to the horizon is called the offing. The word horizon derives from the Greek &#8220;ὁρίζων κύκλος&#8221; horizōn kyklos, &#8220;separating circle&#8221;,from the verb ὁρίζω horizō, &#8220;to divide&#8221;, &#8220;to separate&#8221;, and that from &#8220;ὅρος&#8221; (oros), &#8220;boundary, landmark&#8221;.</p>
<p>Historically, the distance to the visible horizon has long been vital to survival and successful navigation, especially at sea, because it determined an observer&#8217;s maximum range of vision and thus of communication, with all the obvious consequences for safety and the transmission of information that this range implied. This importance lessened with the development of the radio and the telegraph, but even today, when flying an aircraft under visual flight rules, a technique called attitude flying is used to control the aircraft, where the pilot uses the visual relationship between the aircraft&#8217;s nose and the horizon to control the aircraft. A pilot can also retain his or her spatial orientation by referring to the horizon.</p>
<p>In many contexts, especially perspective drawing, the curvature of the Earth is disregarded and the horizon is considered the theoretical line to which points on any horizontal plane converge (when projected onto the picture plane) as their distance from the observer increases. For observers near sea level the difference between this geometrical horizon (which assumes a perfectly flat, infinite ground plane) and the true horizon (which assumes a spherical Earth surface) is imperceptible to the naked eye dubious – discuss but for someone on a 1000-meter hill looking out to sea the true horizon will be about a degree below a horizontal line.</p>
]]></content:encoded>
					
					<wfw:commentRss>/2018/05/23/showcase-different-portfolios-styles/feed/</wfw:commentRss>
			<slash:comments>0</slash:comments>
		
		
			</item>
		<item>
		<title>Validate skills and accomplishments</title>
		<link>/2018/05/23/validate-skills-and-accomplishments/</link>
					<comments>/2018/05/23/validate-skills-and-accomplishments/#respond</comments>
		
		<dc:creator><![CDATA[admin]]></dc:creator>
		<pubDate>Wed, 23 May 2018 10:51:52 +0000</pubDate>
				<category><![CDATA[Uncategorized]]></category>
		<guid isPermaLink="false">http://rarathemesdemo.com/elegant-portfolio/?p=93</guid>

					<description><![CDATA[The horizon or skyline is the apparent line that separates earth from sky, the line that divides all visible directions into two categories: those that intersect the Earth&#8217;s surface, and those that do not. At many locations, the true horizon is obscured by trees, buildings, mountains, etc., and the resulting intersection of earth and sky is called the visible horizon. When looking at &#8230; ]]></description>
										<content:encoded><![CDATA[<p>The horizon or skyline is the apparent line that separates earth from sky, the line that divides all visible directions into two categories: those that intersect the Earth&#8217;s surface, and those that do not. At many locations, the true horizon is obscured by trees, buildings, mountains, etc., and the resulting intersection of earth and sky is called the visible horizon. When looking at a sea from a shore, the part of the sea closest to the horizon is called the offing. The word horizon derives from the Greek &#8220;ὁρίζων κύκλος&#8221; horizōn kyklos, &#8220;separating circle&#8221;,from the verb ὁρίζω horizō, &#8220;to divide&#8221;, &#8220;to separate&#8221;, and that from &#8220;ὅρος&#8221; (oros), &#8220;boundary, landmark&#8221;.</p>
<p>Historically, the distance to the visible horizon has long been vital to survival and successful navigation, especially at sea, because it determined an observer&#8217;s maximum range of vision and thus of communication, with all the obvious consequences for safety and the transmission of information that this range implied. This importance lessened with the development of the radio and the telegraph, but even today, when flying an aircraft under visual flight rules, a technique called attitude flying is used to control the aircraft, where the pilot uses the visual relationship between the aircraft&#8217;s nose and the horizon to control the aircraft. A pilot can also retain his or her spatial orientation by referring to the horizon.</p>
<p>In many contexts, especially perspective drawing, the curvature of the Earth is disregarded and the horizon is considered the theoretical line to which points on any horizontal plane converge (when projected onto the picture plane) as their distance from the observer increases. For observers near sea level the difference between this geometrical horizon (which assumes a perfectly flat, infinite ground plane) and the true horizon (which assumes a spherical Earth surface) is imperceptible to the naked eye dubious – discuss but for someone on a 1000-meter hill looking out to sea the true horizon will be about a degree below a horizontal line.</p>
]]></content:encoded>
					
					<wfw:commentRss>/2018/05/23/validate-skills-and-accomplishments/feed/</wfw:commentRss>
			<slash:comments>0</slash:comments>
		
		
			</item>
		<item>
		<title>Especially perspective drawing</title>
		<link>/2018/05/23/especially-perspective-drawing/</link>
					<comments>/2018/05/23/especially-perspective-drawing/#respond</comments>
		
		<dc:creator><![CDATA[admin]]></dc:creator>
		<pubDate>Wed, 23 May 2018 10:49:17 +0000</pubDate>
				<category><![CDATA[Uncategorized]]></category>
		<guid isPermaLink="false">http://rarathemesdemo.com/elegant-portfolio/?p=90</guid>

					<description><![CDATA[The horizon or skyline is the apparent line that separates earth from sky, the line that divides all visible directions into two categories: those that intersect the Earth&#8217;s surface, and those that do not. At many locations, the true horizon is obscured by trees, buildings, mountains, etc., and the resulting intersection of earth and sky is called the visible horizon. When looking at &#8230; ]]></description>
										<content:encoded><![CDATA[<p>The horizon or skyline is the apparent line that separates earth from sky, the line that divides all visible directions into two categories: those that intersect the Earth&#8217;s surface, and those that do not. At many locations, the true horizon is obscured by trees, buildings, mountains, etc., and the resulting intersection of earth and sky is called the visible horizon. When looking at a sea from a shore, the part of the sea closest to the horizon is called the offing. The word horizon derives from the Greek &#8220;ὁρίζων κύκλος&#8221; horizōn kyklos, &#8220;separating circle&#8221;,from the verb ὁρίζω horizō, &#8220;to divide&#8221;, &#8220;to separate&#8221;, and that from &#8220;ὅρος&#8221; (oros), &#8220;boundary, landmark&#8221;.</p>
<p>Historically, the distance to the visible horizon has long been vital to survival and successful navigation, especially at sea, because it determined an observer&#8217;s maximum range of vision and thus of communication, with all the obvious consequences for safety and the transmission of information that this range implied. This importance lessened with the development of the radio and the telegraph, but even today, when flying an aircraft under visual flight rules, a technique called attitude flying is used to control the aircraft, where the pilot uses the visual relationship between the aircraft&#8217;s nose and the horizon to control the aircraft. A pilot can also retain his or her spatial orientation by referring to the horizon.</p>
<p>In many contexts, especially perspective drawing, the curvature of the Earth is disregarded and the horizon is considered the theoretical line to which points on any horizontal plane converge (when projected onto the picture plane) as their distance from the observer increases. For observers near sea level the difference between this geometrical horizon (which assumes a perfectly flat, infinite ground plane) and the true horizon (which assumes a spherical Earth surface) is imperceptible to the naked eye dubious – discuss but for someone on a 1000-meter hill looking out to sea the true horizon will be about a degree below a horizontal line.</p>
]]></content:encoded>
					
					<wfw:commentRss>/2018/05/23/especially-perspective-drawing/feed/</wfw:commentRss>
			<slash:comments>0</slash:comments>
		
		
			</item>
		<item>
		<title>Survival and successful navigation</title>
		<link>/2018/05/23/survival-and-successful-navigation/</link>
					<comments>/2018/05/23/survival-and-successful-navigation/#respond</comments>
		
		<dc:creator><![CDATA[admin]]></dc:creator>
		<pubDate>Wed, 23 May 2018 10:46:58 +0000</pubDate>
				<category><![CDATA[Uncategorized]]></category>
		<guid isPermaLink="false">http://rarathemesdemo.com/elegant-portfolio/?p=87</guid>

					<description><![CDATA[The horizon or skyline is the apparent line that separates earth from sky, the line that divides all visible directions into two categories: those that intersect the Earth&#8217;s surface, and those that do not. At many locations, the true horizon is obscured by trees, buildings, mountains, etc., and the resulting intersection of earth and sky is called the visible horizon. When looking at &#8230; ]]></description>
										<content:encoded><![CDATA[<p>The horizon or skyline is the apparent line that separates earth from sky, the line that divides all visible directions into two categories: those that intersect the Earth&#8217;s surface, and those that do not. At many locations, the true horizon is obscured by trees, buildings, mountains, etc., and the resulting intersection of earth and sky is called the visible horizon. When looking at a sea from a shore, the part of the sea closest to the horizon is called the offing. The word horizon derives from the Greek &#8220;ὁρίζων κύκλος&#8221; horizōn kyklos, &#8220;separating circle&#8221;,from the verb ὁρίζω horizō, &#8220;to divide&#8221;, &#8220;to separate&#8221;, and that from &#8220;ὅρος&#8221; (oros), &#8220;boundary, landmark&#8221;.</p>
<p>Historically, the distance to the visible horizon has long been vital to survival and successful navigation, especially at sea, because it determined an observer&#8217;s maximum range of vision and thus of communication, with all the obvious consequences for safety and the transmission of information that this range implied. This importance lessened with the development of the radio and the telegraph, but even today, when flying an aircraft under visual flight rules, a technique called attitude flying is used to control the aircraft, where the pilot uses the visual relationship between the aircraft&#8217;s nose and the horizon to control the aircraft. A pilot can also retain his or her spatial orientation by referring to the horizon.</p>
<p>In many contexts, especially perspective drawing, the curvature of the Earth is disregarded and the horizon is considered the theoretical line to which points on any horizontal plane converge (when projected onto the picture plane) as their distance from the observer increases. For observers near sea level the difference between this geometrical horizon (which assumes a perfectly flat, infinite ground plane) and the true horizon (which assumes a spherical Earth surface) is imperceptible to the naked eye dubious – discuss but for someone on a 1000-meter hill looking out to sea the true horizon will be about a degree below a horizontal line.</p>
]]></content:encoded>
					
					<wfw:commentRss>/2018/05/23/survival-and-successful-navigation/feed/</wfw:commentRss>
			<slash:comments>0</slash:comments>
		
		
			</item>
		<item>
		<title>Distance to the visible horizon has long</title>
		<link>/2018/05/23/distance-to-the-visible-horizon-has-long/</link>
					<comments>/2018/05/23/distance-to-the-visible-horizon-has-long/#respond</comments>
		
		<dc:creator><![CDATA[admin]]></dc:creator>
		<pubDate>Wed, 23 May 2018 10:18:59 +0000</pubDate>
				<category><![CDATA[Uncategorized]]></category>
		<guid isPermaLink="false">http://rarathemesdemo.com/elegant-portfolio/?p=84</guid>

					<description><![CDATA[The horizon or skyline is the apparent line that separates earth from sky, the line that divides all visible directions into two categories: those that intersect the Earth&#8217;s surface, and those that do not. At many locations, the true horizon is obscured by trees, buildings, mountains, etc., and the resulting intersection of earth and sky is called the visible horizon. When looking at &#8230; ]]></description>
										<content:encoded><![CDATA[<p>The horizon or skyline is the apparent line that separates earth from sky, the line that divides all visible directions into two categories: those that intersect the Earth&#8217;s surface, and those that do not. At many locations, the true horizon is obscured by trees, buildings, mountains, etc., and the resulting intersection of earth and sky is called the visible horizon. When looking at a sea from a shore, the part of the sea closest to the horizon is called the offing. The word horizon derives from the Greek &#8220;ὁρίζων κύκλος&#8221; horizōn kyklos, &#8220;separating circle&#8221;,from the verb ὁρίζω horizō, &#8220;to divide&#8221;, &#8220;to separate&#8221;, and that from &#8220;ὅρος&#8221; (oros), &#8220;boundary, landmark&#8221;.</p>
<p>Historically, the distance to the visible horizon has long been vital to survival and successful navigation, especially at sea, because it determined an observer&#8217;s maximum range of vision and thus of communication, with all the obvious consequences for safety and the transmission of information that this range implied. This importance lessened with the development of the radio and the telegraph, but even today, when flying an aircraft under visual flight rules, a technique called attitude flying is used to control the aircraft, where the pilot uses the visual relationship between the aircraft&#8217;s nose and the horizon to control the aircraft. A pilot can also retain his or her spatial orientation by referring to the horizon.</p>
<p>In many contexts, especially perspective drawing, the curvature of the Earth is disregarded and the horizon is considered the theoretical line to which points on any horizontal plane converge (when projected onto the picture plane) as their distance from the observer increases. For observers near sea level the difference between this geometrical horizon (which assumes a perfectly flat, infinite ground plane) and the true horizon (which assumes a spherical Earth surface) is imperceptible to the naked eye dubious – discuss but for someone on a 1000-meter hill looking out to sea the true horizon will be about a degree below a horizontal line.</p>
]]></content:encoded>
					
					<wfw:commentRss>/2018/05/23/distance-to-the-visible-horizon-has-long/feed/</wfw:commentRss>
			<slash:comments>0</slash:comments>
		
		
			</item>
		<item>
		<title>Musing on the Arts creatively.</title>
		<link>/2018/05/23/musing-on-the-arts-creatively/</link>
					<comments>/2018/05/23/musing-on-the-arts-creatively/#respond</comments>
		
		<dc:creator><![CDATA[admin]]></dc:creator>
		<pubDate>Wed, 23 May 2018 10:09:13 +0000</pubDate>
				<category><![CDATA[Uncategorized]]></category>
		<guid isPermaLink="false">http://rarathemesdemo.com/elegant-portfolio/?p=82</guid>

					<description><![CDATA[The horizon or skyline is the apparent line that separates earth from sky, the line that divides all visible directions into two categories: those that intersect the Earth&#8217;s surface, and those that do not. At many locations, the true horizon is obscured by trees, buildings, mountains, etc., and the resulting intersection of earth and sky is called the visible horizon. When looking at &#8230; ]]></description>
										<content:encoded><![CDATA[<p>The horizon or skyline is the apparent line that separates earth from sky, the line that divides all visible directions into two categories: those that intersect the Earth&#8217;s surface, and those that do not. At many locations, the true horizon is obscured by trees, buildings, mountains, etc., and the resulting intersection of earth and sky is called the visible horizon. When looking at a sea from a shore, the part of the sea closest to the horizon is called the offing. The word horizon derives from the Greek &#8220;ὁρίζων κύκλος&#8221; horizōn kyklos, &#8220;separating circle&#8221;,from the verb ὁρίζω horizō, &#8220;to divide&#8221;, &#8220;to separate&#8221;, and that from &#8220;ὅρος&#8221; (oros), &#8220;boundary, landmark&#8221;.</p>
<p>Historically, the distance to the visible horizon has long been vital to survival and successful navigation, especially at sea, because it determined an observer&#8217;s maximum range of vision and thus of communication, with all the obvious consequences for safety and the transmission of information that this range implied. This importance lessened with the development of the radio and the telegraph, but even today, when flying an aircraft under visual flight rules, a technique called attitude flying is used to control the aircraft, where the pilot uses the visual relationship between the aircraft&#8217;s nose and the horizon to control the aircraft. A pilot can also retain his or her spatial orientation by referring to the horizon.</p>
<p>In many contexts, especially perspective drawing, the curvature of the Earth is disregarded and the horizon is considered the theoretical line to which points on any horizontal plane converge (when projected onto the picture plane) as their distance from the observer increases. For observers near sea level the difference between this geometrical horizon (which assumes a perfectly flat, infinite ground plane) and the true horizon (which assumes a spherical Earth surface) is imperceptible to the naked eye dubious – discuss but for someone on a 1000-meter hill looking out to sea the true horizon will be about a degree below a horizontal line.</p>
]]></content:encoded>
					
					<wfw:commentRss>/2018/05/23/musing-on-the-arts-creatively/feed/</wfw:commentRss>
			<slash:comments>0</slash:comments>
		
		
			</item>
		<item>
		<title>The horizon or skyline is the apparent line</title>
		<link>/2018/05/23/77/</link>
					<comments>/2018/05/23/77/#respond</comments>
		
		<dc:creator><![CDATA[admin]]></dc:creator>
		<pubDate>Wed, 23 May 2018 09:58:01 +0000</pubDate>
				<category><![CDATA[Uncategorized]]></category>
		<guid isPermaLink="false">http://rarathemesdemo.com/elegant-portfolio/?p=77</guid>

					<description><![CDATA[The horizon or skyline is the apparent line that separates earth from sky, the line that divides all visible directions into two categories: those that intersect the Earth&#8217;s surface, and those that do not. At many locations, the true horizon is obscured by trees, buildings, mountains, etc., and the resulting intersection of earth and sky is called the visible horizon. When looking at &#8230; ]]></description>
										<content:encoded><![CDATA[<p>The horizon or skyline is the apparent line that separates earth from sky, the line that divides all visible directions into two categories: those that intersect the Earth&#8217;s surface, and those that do not. At many locations, the true horizon is obscured by trees, buildings, mountains, etc., and the resulting intersection of earth and sky is called the visible horizon. When looking at a sea from a shore, the part of the sea closest to the horizon is called the offing. The word horizon derives from the Greek &#8220;ὁρίζων κύκλος&#8221; horizōn kyklos, &#8220;separating circle&#8221;,from the verb ὁρίζω horizō, &#8220;to divide&#8221;, &#8220;to separate&#8221;, and that from &#8220;ὅρος&#8221; (oros), &#8220;boundary, landmark&#8221;.</p>
<p>Historically, the distance to the visible horizon has long been vital to survival and successful navigation, especially at sea, because it determined an observer&#8217;s maximum range of vision and thus of communication, with all the obvious consequences for safety and the transmission of information that this range implied. This importance lessened with the development of the radio and the telegraph, but even today, when flying an aircraft under visual flight rules, a technique called attitude flying is used to control the aircraft, where the pilot uses the visual relationship between the aircraft&#8217;s nose and the horizon to control the aircraft. A pilot can also retain his or her spatial orientation by referring to the horizon.</p>
<p>In many contexts, especially perspective drawing, the curvature of the Earth is disregarded and the horizon is considered the theoretical line to which points on any horizontal plane converge (when projected onto the picture plane) as their distance from the observer increases. For observers near sea level the difference between this geometrical horizon (which assumes a perfectly flat, infinite ground plane) and the true horizon (which assumes a spherical Earth surface) is imperceptible to the naked eye dubious – discuss but for someone on a 1000-meter hill looking out to sea the true horizon will be about a degree below a horizontal line.</p>
]]></content:encoded>
					
					<wfw:commentRss>/2018/05/23/77/feed/</wfw:commentRss>
			<slash:comments>0</slash:comments>
		
		
			</item>
		<item>
		<title>The future of letting up in the new is The Codewing Solutions</title>
		<link>/2018/05/23/the-future-of-letting-up-in-the-new-is-the-codewing-solutions/</link>
					<comments>/2018/05/23/the-future-of-letting-up-in-the-new-is-the-codewing-solutions/#respond</comments>
		
		<dc:creator><![CDATA[admin]]></dc:creator>
		<pubDate>Wed, 23 May 2018 09:48:38 +0000</pubDate>
				<category><![CDATA[Uncategorized]]></category>
		<guid isPermaLink="false">http://rarathemesdemo.com/elegant-portfolio/?p=70</guid>

					<description><![CDATA[The horizon or skyline is the apparent line that separates earth from sky, the line that divides all visible directions into two categories: those that intersect the Earth&#8217;s surface, and those that do not. At many locations, the true horizon is obscured by trees, buildings, mountains, etc., and the resulting intersection of earth and sky is called the visible horizon. When looking at &#8230; ]]></description>
										<content:encoded><![CDATA[<p>The horizon or skyline is the apparent line that separates earth from sky, the line that divides all visible directions into two categories: those that intersect the Earth&#8217;s surface, and those that do not. At many locations, the true horizon is obscured by trees, buildings, mountains, etc., and the resulting intersection of earth and sky is called the visible horizon. When looking at a sea from a shore, the part of the sea closest to the horizon is called the offing. The word horizon derives from the Greek &#8220;ὁρίζων κύκλος&#8221; horizōn kyklos, &#8220;separating circle&#8221;,from the verb ὁρίζω horizō, &#8220;to divide&#8221;, &#8220;to separate&#8221;, and that from &#8220;ὅρος&#8221; (oros), &#8220;boundary, landmark&#8221;.</p>
<p>Historically, the distance to the visible horizon has long been vital to survival and successful navigation, especially at sea, because it determined an observer&#8217;s maximum range of vision and thus of communication, with all the obvious consequences for safety and the transmission of information that this range implied. This importance lessened with the development of the radio and the telegraph, but even today, when flying an aircraft under visual flight rules, a technique called attitude flying is used to control the aircraft, where the pilot uses the visual relationship between the aircraft&#8217;s nose and the horizon to control the aircraft. A pilot can also retain his or her spatial orientation by referring to the horizon.</p>
<p>In many contexts, especially perspective drawing, the curvature of the Earth is disregarded and the horizon is considered the theoretical line to which points on any horizontal plane converge (when projected onto the picture plane) as their distance from the observer increases. For observers near sea level the difference between this geometrical horizon (which assumes a perfectly flat, infinite ground plane) and the true horizon (which assumes a spherical Earth surface) is imperceptible to the naked eye dubious – discuss but for someone on a 1000-meter hill looking out to sea the true horizon will be about a degree below a horizontal line.</p>
]]></content:encoded>
					
					<wfw:commentRss>/2018/05/23/the-future-of-letting-up-in-the-new-is-the-codewing-solutions/feed/</wfw:commentRss>
			<slash:comments>0</slash:comments>
		
		
			</item>
	</channel>
</rss>
