<?xml version="1.0" encoding="UTF-8"?><rss version="2.0"
	xmlns:content="http://purl.org/rss/1.0/modules/content/"
	xmlns:dc="http://purl.org/dc/elements/1.1/"
	xmlns:atom="http://www.w3.org/2005/Atom"
	xmlns:sy="http://purl.org/rss/1.0/modules/syndication/"
	
	>
<channel>
	<title>
	Comments on: In need of some interesting? Well, let us take you on a tour of the best internet has to offer.	</title>
	<atom:link href="/2018/01/23/in-need-of-some-interesting-well-let-us-take-you-on-a-tour-of-the-best-internet-has-to-offer/feed/?simply_static_page=109" rel="self" type="application/rss+xml" />
	<link>/2018/01/23/in-need-of-some-interesting-well-let-us-take-you-on-a-tour-of-the-best-internet-has-to-offer/</link>
	<description></description>
	<lastBuildDate>Tue, 23 Jan 2018 09:50:22 +0000</lastBuildDate>
	<sy:updatePeriod>
	hourly	</sy:updatePeriod>
	<sy:updateFrequency>
	1	</sy:updateFrequency>
	<generator>https://wordpress.org/?v=6.1.1</generator>
</channel>
</rss>
