<?xml version="1.0" encoding="UTF-8"?><rss version="2.0"
	xmlns:content="http://purl.org/rss/1.0/modules/content/"
	xmlns:dc="http://purl.org/dc/elements/1.1/"
	xmlns:atom="http://www.w3.org/2005/Atom"
	xmlns:sy="http://purl.org/rss/1.0/modules/syndication/"
	
	>
<channel>
	<title>
	Comments on: Showcase different portfolios styles	</title>
	<atom:link href="/2018/05/23/showcase-different-portfolios-styles/feed/?simply_static_page=77" rel="self" type="application/rss+xml" />
	<link>/2018/05/23/showcase-different-portfolios-styles/</link>
	<description></description>
	<lastBuildDate>Wed, 23 May 2018 11:01:17 +0000</lastBuildDate>
	<sy:updatePeriod>
	hourly	</sy:updatePeriod>
	<sy:updateFrequency>
	1	</sy:updateFrequency>
	<generator>https://wordpress.org/?v=6.1.1</generator>
</channel>
</rss>
