<?xml version="1.0" encoding="UTF-8"?><rss version="2.0"
	xmlns:content="http://purl.org/rss/1.0/modules/content/"
	xmlns:wfw="http://wellformedweb.org/CommentAPI/"
	xmlns:dc="http://purl.org/dc/elements/1.1/"
	xmlns:atom="http://www.w3.org/2005/Atom"
	xmlns:sy="http://purl.org/rss/1.0/modules/syndication/"
	xmlns:slash="http://purl.org/rss/1.0/modules/slash/"
	>

<channel>
	<title>Poster Design &#8211; Sourabh Dhyani</title>
	<atom:link href="/portfolio-category/poster-design/feed/?simply_static_page=64" rel="self" type="application/rss+xml" />
	<link></link>
	<description></description>
	<lastBuildDate>Sat, 14 Jan 2023 08:40:00 +0000</lastBuildDate>
	<language>en-US</language>
	<sy:updatePeriod>
	hourly	</sy:updatePeriod>
	<sy:updateFrequency>
	1	</sy:updateFrequency>
	<generator>https://wordpress.org/?v=6.1.1</generator>
	<item>
		<title>Restuarant Flyer</title>
		<link>/portfolio/restuarant-flyer/</link>
					<comments>/portfolio/restuarant-flyer/#respond</comments>
		
		<dc:creator><![CDATA[admin]]></dc:creator>
		<pubDate>Sat, 14 Jan 2023 08:39:40 +0000</pubDate>
				<guid isPermaLink="false">/?post_type=rara-portfolio&#038;p=730</guid>

					<description><![CDATA[Make sure the text on your poster is easy to read and understand. Use a font that is easy to read and avoid using too small of a font size.]]></description>
										<content:encoded><![CDATA[<p>Make sure the text on your poster is easy to read and understand. Use a font that is easy to read and avoid using too small of a font size.</p>
]]></content:encoded>
					
					<wfw:commentRss>/portfolio/restuarant-flyer/feed/</wfw:commentRss>
			<slash:comments>0</slash:comments>
		
		
			</item>
		<item>
		<title>Food Banner</title>
		<link>/portfolio/poster-design/</link>
					<comments>/portfolio/poster-design/#respond</comments>
		
		<dc:creator><![CDATA[admin]]></dc:creator>
		<pubDate>Sat, 14 Jan 2023 08:34:15 +0000</pubDate>
				<guid isPermaLink="false">/?post_type=rara-portfolio&#038;p=725</guid>

					<description><![CDATA[Don&#8217;t be afraid to be creative and think outside the box. A unique design will make your poster stand out.]]></description>
										<content:encoded><![CDATA[<p>Don&#8217;t be afraid to be creative and think outside the box. A unique design will make your poster stand out.</p>
]]></content:encoded>
					
					<wfw:commentRss>/portfolio/poster-design/feed/</wfw:commentRss>
			<slash:comments>0</slash:comments>
		
		
			</item>
	</channel>
</rss>
